{
	"credit": "Made with Blockbench",
	"texture_size": [8, 8],
	"textures": {
		"0": "pipe",
		"1": "body",
		"2": "unerbody",
		"particle": "pipe"
	},
	"elements": [
		{
			"name": "pipe",
			"from": [7.5, 5.8, -1],
			"to": [8.5, 7.3, 10.75],
			"faces": {
				"north": {"uv": [2, 4, 3, 5.5], "texture": "#1"},
				"east": {"uv": [0, 0, 12, 1.5], "texture": "#1"},
				"south": {"uv": [3, 4, 4, 5.5], "texture": "#1"},
				"west": {"uv": [0, 2, 12, 3.5], "texture": "#1"},
				"up": {"uv": [1, 16, 0, 4], "texture": "#1"},
				"down": {"uv": [2, 4, 1, 16], "texture": "#1"}
			}
		},
		{
			"name": "pipe",
			"from": [7.55, 5.2, 3],
			"to": [8.45, 6, 9.75],
			"faces": {
				"north": {"uv": [0, 9, 4.75, 10.5], "texture": "#2"},
				"east": {"uv": [0, 9, 4.75, 10.5], "texture": "#2"},
				"south": {"uv": [0, 9, 4.75, 10.5], "texture": "#2"},
				"west": {"uv": [0, 9, 4.75, 10.5], "texture": "#2"},
				"up": {"uv": [0, 9, 4.75, 10.5], "texture": "#2"},
				"down": {"uv": [0, 9, 4.75, 10.5], "texture": "#2"}
			}
		},
		{
			"name": "pipe",
			"from": [7.6, -2.7, 8],
			"to": [8.4, -1.7, 10.75],
			"rotation": {"angle": -45, "axis": "x", "origin": [0, 0, 0]},
			"faces": {
				"north": {"uv": [0, 9, 4.75, 10.5], "texture": "#2"},
				"east": {"uv": [0, 9, 4.75, 10.5], "texture": "#2"},
				"south": {"uv": [0, 9, 4.75, 10.5], "texture": "#2"},
				"west": {"uv": [0, 9, 4.75, 10.5], "texture": "#2"},
				"up": {"uv": [0, 9, 4.75, 10.5], "texture": "#2"},
				"down": {"uv": [0, 9, 4.75, 10.5], "texture": "#2"}
			}
		},
		{
			"name": "pipe",
			"from": [7.6, 5.64, 1.25],
			"to": [8.4, 6.14, 4],
			"rotation": {"angle": 22.5, "axis": "x", "origin": [0, 0, 0]},
			"faces": {
				"north": {"uv": [0, 9, 4.75, 10.5], "rotation": 180, "texture": "#2"},
				"east": {"uv": [0, 9, 4.75, 10.5], "rotation": 180, "texture": "#2"},
				"south": {"uv": [0, 9, 4.75, 10.5], "rotation": 180, "texture": "#2"},
				"west": {"uv": [0, 9, 4.75, 10.5], "rotation": 180, "texture": "#2"},
				"up": {"uv": [0, 9, 4.75, 10.5], "texture": "#2"},
				"down": {"uv": [0, 9, 4.75, 10.5], "texture": "#2"}
			}
		},
		{
			"name": "pipe",
			"from": [7.6, 3.65, 5.25],
			"to": [8.4, 4.15, 8],
			"faces": {
				"north": {"uv": [0, 9, 4.75, 10.5], "rotation": 180, "texture": "#2"},
				"east": {"uv": [0, 9, 4.75, 10.5], "rotation": 180, "texture": "#2"},
				"south": {"uv": [0, 9, 4.75, 10.5], "rotation": 180, "texture": "#2"},
				"west": {"uv": [0, 9, 4.75, 10.5], "rotation": 180, "texture": "#2"},
				"up": {"uv": [0, 9, 4.75, 10.5], "texture": "#2"},
				"down": {"uv": [0, 9, 4.75, 10.5], "texture": "#2"}
			}
		},
		{
			"name": "pipe",
			"from": [7.6, 1, 5.7],
			"to": [8.4, 3.3, 6.2],
			"rotation": {"angle": -45, "axis": "x", "origin": [0, 0, 0]},
			"faces": {
				"north": {"uv": [0, 9, 4.75, 10.5], "rotation": 180, "texture": "#2"},
				"east": {"uv": [0, 9, 4.75, 10.5], "rotation": 90, "texture": "#2"},
				"south": {"uv": [0, 9, 4.75, 10.5], "texture": "#2"},
				"west": {"uv": [0, 9, 4.75, 10.5], "rotation": 270, "texture": "#2"},
				"up": {"uv": [0, 9, 4.75, 10.5], "texture": "#2"},
				"down": {"uv": [0, 9, 4.75, 10.5], "rotation": 180, "texture": "#2"}
			}
		},
		{
			"name": "pipe",
			"from": [7.5, -2.2, 7.3],
			"to": [8.3, -1.7, 10.2],
			"rotation": {"angle": -45, "axis": "x", "origin": [0, 0, 0]},
			"faces": {
				"north": {"uv": [0, 9, 4.75, 10.5], "texture": "#2"},
				"east": {"uv": [0, 9, 4.75, 10.5], "texture": "#2"},
				"south": {"uv": [0, 9, 4.75, 10.5], "texture": "#2"},
				"west": {"uv": [0, 9, 4.75, 10.5], "texture": "#2"},
				"up": {"uv": [0, 9, 4.75, 10.5], "texture": "#2"},
				"down": {"uv": [0, 9, 4.75, 10.5], "texture": "#2"}
			}
		},
		{
			"from": [7.75, -2, 9],
			"to": [8.25, 3, 10],
			"rotation": {"angle": -22.5, "axis": "x", "origin": [0, 0, 0]},
			"faces": {
				"north": {"uv": [0, 0, 0.5, 5], "texture": "#0"},
				"east": {"uv": [0, 0, 1, 5], "texture": "#0"},
				"south": {"uv": [0, 0, 0.5, 5], "texture": "#0"},
				"west": {"uv": [0, 0, 1, 5], "texture": "#0"},
				"up": {"uv": [0, 0, 0.5, 1], "texture": "#0"},
				"down": {"uv": [0, 0, 0.5, 1], "texture": "#0"}
			}
		},
		{
			"from": [7.85, 1, 1],
			"to": [8.25, 7, 2],
			"faces": {
				"north": {"uv": [0, 0, 0.4, 6], "texture": "#0"},
				"east": {"uv": [0, 0, 1, 6], "texture": "#0"},
				"south": {"uv": [0, 0, 0.4, 6], "texture": "#0"},
				"west": {"uv": [0, 0, 1, 6], "texture": "#0"},
				"up": {"uv": [0, 0, 0.4, 1], "texture": "#0"},
				"down": {"uv": [0, 0, 0.4, 1], "texture": "#0"}
			}
		},
		{
			"from": [7.8, 4, 0.9],
			"to": [8.3, 5.2, 2.1],
			"faces": {
				"north": {"uv": [2, 0, 3, 2], "texture": "#2"},
				"east": {"uv": [0, 0, 2, 2], "texture": "#2"},
				"south": {"uv": [2, 2, 3, 4], "texture": "#2"},
				"west": {"uv": [0, 2, 2, 4], "texture": "#2"},
				"up": {"uv": [1, 6, 0, 4], "texture": "#2"},
				"down": {"uv": [5, 0, 4, 2], "texture": "#2"}
			}
		},
		{
			"from": [7.7, 5, 0.5],
			"to": [8.4, 6.7, 2.2],
			"faces": {
				"north": {"uv": [0, 0, 1.4, 3.4], "texture": "#2"},
				"east": {"uv": [0, 0, 3.4, 3.4], "texture": "#2"},
				"south": {"uv": [0, 0, 1.4, 3.4], "texture": "#2"},
				"west": {"uv": [0, 0, 3.4, 3.4], "texture": "#2"},
				"up": {"uv": [0, 0, 1.4, 3.4], "texture": "#2"},
				"down": {"uv": [0, 0, 1.4, 3.4], "texture": "#2"}
			}
		},
		{
			"from": [7.65, 6.5, -5.5],
			"to": [8.35, 7.2, 2.2],
			"faces": {
				"north": {"uv": [2, 2, 2.5, 2.5], "texture": "#0"},
				"east": {"uv": [0, 0, 7.5, 0.5], "texture": "#0"},
				"south": {"uv": [2, 3, 2.5, 3.5], "texture": "#0"},
				"west": {"uv": [0, 1, 7.5, 1.5], "texture": "#0"},
				"up": {"uv": [0.5, 9.5, 0, 2], "texture": "#0"},
				"down": {"uv": [1.5, 2, 1, 9.5], "texture": "#0"}
			}
		},
		{
			"from": [7.65, 7.2, 3.5],
			"to": [8.35, 7.9, 4.2],
			"faces": {
				"north": {"uv": [0, 0, 1.4, 1.4], "texture": "#2"},
				"east": {"uv": [0, 0, 1.4, 1.4], "texture": "#2"},
				"south": {"uv": [0, 0, 1.4, 1.4], "texture": "#2"},
				"west": {"uv": [0, 0, 1.4, 1.4], "texture": "#2"},
				"up": {"uv": [0, 0, 1.4, 1.4], "texture": "#2"},
				"down": {"uv": [0, 0, 1.4, 1.4], "texture": "#2"}
			}
		}
	],
	"display": {
		"thirdperson_righthand": {
			"rotation": [3.13, 0.13, -2.31],
			"translation": [0.5, 2, -0.75]
		},
		"thirdperson_lefthand": {
			"translation": [-12, 2, 0.5]
		},
		"firstperson_righthand": {
			"rotation": [0, -2, 0],
			"translation": [0, 5, 0],
			"scale": [1.6, 1.6, 1.6]
		},
		"firstperson_lefthand": {
			"translation": [-9, 6.5, 5],
			"scale": [3, 3, 0.7]
		},
		"ground": {
			"rotation": [0, 0, -23],
			"translation": [3.59, -0.94, 6.05]
		},
		"gui": {
			"rotation": [-76, -130, -92],
			"translation": [-1.5, 2, 0],
			"scale": [1, 1, 0.9]
		},
		"fixed": {
			"rotation": [-97, 132, 99],
			"translation": [3.5, 3.25, -0.75]
		}
	},
	"groups": [
		0,
		1,
		2,
		3,
		4,
		5,
		6,
		{
			"name": "group",
			"origin": [8, 8, 8],
			"color": 0,
			"children": []
		},
		{
			"name": "group",
			"origin": [8, 8, 8],
			"color": 0,
			"children": []
		},
		7,
		8,
		9,
		10,
		11,
		12
	]
}